timestamp,url,status_code,total_bytes,elapsed_time,ping_ms,download_Mbps,upload_Mbps
2025-10-27 19:53:41 WIB,https://portal.its.ac.id,200,2499,1.538,47.84,1624.37,720.13
2025-10-27 19:53:41 WIB,https://classroom.its.ac.id,200,47258,2.244,47.84,1624.37,720.13
2025-10-27 19:53:41 WIB,https://presensi.its.ac.id,200,41817,3.721,47.84,1624.37,720.13
2025-10-27 20:20:02 WIB,https://portal.its.ac.id,200,2499,5.471,14.91,1913.01,1298.86
2025-10-27 20:20:02 WIB,https://classroom.its.ac.id,200,47258,2.35,14.91,1913.01,1298.86
2025-10-27 20:20:02 WIB,https://presensi.its.ac.id,200,41687,5.205,14.91,1913.01,1298.86
2025-10-27 20:57:27 WIB,https://portal.its.ac.id,200,2499,1.543,5.56,1950.75,1919.6
2025-10-27 20:57:27 WIB,https://classroom.its.ac.id,200,47258,1.757,5.56,1950.75,1919.6
2025-10-27 20:57:27 WIB,https://presensi.its.ac.id,200,41615,3.934,5.56,1950.75,1919.6
2025-10-27 21:16:17 WIB,https://portal.its.ac.id,200,2499,1.89,3.16,1906.45,1843.8
2025-10-27 21:16:17 WIB,https://classroom.its.ac.id,200,47258,1.88,3.16,1906.45,1843.8
2025-10-27 21:16:17 WIB,https://presensi.its.ac.id,200,41708,3.907,3.16,1906.45,1843.8
2025-10-27 21:28:42 WIB,https://portal.its.ac.id,200,2499,1.77,9.68,1904.61,1555.58
2025-10-27 21:28:42 WIB,https://classroom.its.ac.id,200,47258,1.751,9.68,1904.61,1555.58
2025-10-27 21:28:42 WIB,https://presensi.its.ac.id,200,41764,5.345,9.68,1904.61,1555.58
2025-10-27 21:45:01 WIB,https://portal.its.ac.id,200,2499,1.531,9.88,2054.72,1998.74
2025-10-27 21:45:01 WIB,https://classroom.its.ac.id,200,47258,1.594,9.88,2054.72,1998.74
2025-10-27 21:45:01 WIB,https://presensi.its.ac.id,200,41654,3.017,9.88,2054.72,1998.74
2025-10-27 21:56:53 WIB,https://portal.its.ac.id,200,2499,5.859,25.08,2482.18,1445.15
2025-10-27 21:56:53 WIB,https://classroom.its.ac.id,200,47258,1.566,25.08,2482.18,1445.15
2025-10-27 21:56:53 WIB,https://presensi.its.ac.id,200,41653,7.763,25.08,2482.18,1445.15
2025-10-27 22:28:05 WIB,https://portal.its.ac.id,200,2499,1.77,14.61,320.86,727.23
2025-10-27 22:28:05 WIB,https://classroom.its.ac.id,200,47258,2.753,14.61,320.86,727.23
2025-10-27 22:28:05 WIB,https://presensi.its.ac.id,200,41659,4.397,14.61,320.86,727.23
2025-10-27 22:44:17 WIB,https://portal.its.ac.id,200,2499,1.715,33.13,946.72,231.36
2025-10-27 22:44:17 WIB,https://classroom.its.ac.id,200,47258,1.656,33.13,946.72,231.36
2025-10-27 22:44:17 WIB,https://presensi.its.ac.id,200,41676,3.841,33.13,946.72,231.36
2025-10-27 22:56:58 WIB,https://portal.its.ac.id,200,2499,1.519,15.31,1948.52,1394.02
2025-10-27 22:56:58 WIB,https://classroom.its.ac.id,200,47258,2.177,15.31,1948.52,1394.02
2025-10-27 22:56:58 WIB,https://presensi.its.ac.id,200,41677,4.096,15.31,1948.52,1394.02
2025-10-27 23:35:00 WIB,https://portal.its.ac.id,200,2499,9.919,21.27,1888.08,1225.78
2025-10-27 23:35:00 WIB,https://classroom.its.ac.id,200,47258,5.285,21.27,1888.08,1225.78
2025-10-27 23:35:00 WIB,https://presensi.its.ac.id,200,41683,8.158,21.27,1888.08,1225.78
2025-10-27 23:54:29 WIB,https://portal.its.ac.id,200,2499,1.602,33.38,1733.48,1325.25
2025-10-27 23:54:29 WIB,https://classroom.its.ac.id,200,47258,1.819,33.38,1733.48,1325.25
2025-10-27 23:54:29 WIB,https://presensi.its.ac.id,200,41764,4.322,33.38,1733.48,1325.25
2025-10-28 00:19:18 WIB,https://portal.its.ac.id,200,2499,1.659,37.32,1233.71,1021.0
2025-10-28 00:19:18 WIB,https://classroom.its.ac.id,200,47258,6.323,37.32,1233.71,1021.0
2025-10-28 00:19:18 WIB,https://presensi.its.ac.id,200,41624,3.639,37.32,1233.71,1021.0
2025-10-28 00:37:32 WIB,https://portal.its.ac.id,200,2499,1.14,38.11,455.62,643.5
2025-10-28 00:37:32 WIB,https://classroom.its.ac.id,200,47258,1.907,38.11,455.62,643.5
2025-10-28 00:37:32 WIB,https://presensi.its.ac.id,200,41784,3.401,38.11,455.62,643.5
2025-10-28 00:50:06 WIB,https://portal.its.ac.id,200,2499,1.483,39.3,1672.56,1003.44
2025-10-28 00:50:06 WIB,https://classroom.its.ac.id,200,47258,2.134,39.3,1672.56,1003.44
2025-10-28 00:50:06 WIB,https://presensi.its.ac.id,200,41656,3.521,39.3,1672.56,1003.44
2025-10-28 01:18:05 WIB,https://portal.its.ac.id,200,2499,1.542,19.59,1873.43,1829.08
2025-10-28 01:18:05 WIB,https://classroom.its.ac.id,200,47258,1.897,19.59,1873.43,1829.08
2025-10-28 01:18:05 WIB,https://presensi.its.ac.id,200,41617,4.595,19.59,1873.43,1829.08
2025-10-28 01:45:53 WIB,https://portal.its.ac.id,200,2499,1.554,13.93,1867.25,1155.29
2025-10-28 01:45:53 WIB,https://classroom.its.ac.id,200,47258,2.493,13.93,1867.25,1155.29
2025-10-28 01:45:53 WIB,https://presensi.its.ac.id,200,41698,5.09,13.93,1867.25,1155.29
2025-10-28 01:58:00 WIB,https://portal.its.ac.id,200,2499,9.908,15.23,1947.15,1618.24
2025-10-28 01:58:00 WIB,https://classroom.its.ac.id,200,47258,5.878,15.23,1947.15,1618.24
2025-10-28 01:58:00 WIB,https://presensi.its.ac.id,200,41748,11.921,15.23,1947.15,1618.24
2025-10-28 02:22:09 WIB,https://portal.its.ac.id,200,2499,1.765,26.04,2142.57,373.04
2025-10-28 02:22:09 WIB,https://classroom.its.ac.id,200,47258,1.869,26.04,2142.57,373.04
2025-10-28 02:22:09 WIB,https://presensi.its.ac.id,200,41639,3.03,26.04,2142.57,373.04
2025-10-28 02:36:13 WIB,https://portal.its.ac.id,200,2499,1.69,3.36,1851.73,1792.6
2025-10-28 02:36:13 WIB,https://classroom.its.ac.id,200,47258,2.126,3.36,1851.73,1792.6
2025-10-28 02:36:13 WIB,https://presensi.its.ac.id,200,41823,3.745,3.36,1851.73,1792.6
2025-10-28 02:48:55 WIB,https://portal.its.ac.id,200,2499,10.719,18.98,2496.04,775.51
2025-10-28 02:48:55 WIB,https://classroom.its.ac.id,200,47258,5.641,18.98,2496.04,775.51
2025-10-28 02:48:55 WIB,https://presensi.its.ac.id,200,41653,7.063,18.98,2496.04,775.51
2025-10-28 03:08:34 WIB,https://portal.its.ac.id,200,2499,1.677,16.7,1939.37,1251.87
2025-10-28 03:08:34 WIB,https://classroom.its.ac.id,200,47258,2.907,16.7,1939.37,1251.87
2025-10-28 03:08:34 WIB,https://presensi.its.ac.id,200,41648,4.22,16.7,1939.37,1251.87
2025-10-28 03:31:53 WIB,https://portal.its.ac.id,200,2499,1.749,18.59,1648.45,930.98
2025-10-28 03:31:53 WIB,https://classroom.its.ac.id,200,47258,2.012,18.59,1648.45,930.98
2025-10-28 03:31:53 WIB,https://presensi.its.ac.id,200,41683,4.267,18.59,1648.45,930.98
2025-10-28 03:45:37 WIB,https://portal.its.ac.id,200,2499,1.389,55.99,984.34,212.78
2025-10-28 03:45:37 WIB,https://classroom.its.ac.id,200,47258,1.587,55.99,984.34,212.78
2025-10-28 03:45:37 WIB,https://presensi.its.ac.id,200,41722,3.662,55.99,984.34,212.78
2025-10-28 03:57:26 WIB,https://portal.its.ac.id,200,2499,5.86,22.01,1828.61,1746.31
2025-10-28 03:57:26 WIB,https://classroom.its.ac.id,200,47258,9.133,22.01,1828.61,1746.31
2025-10-28 03:57:26 WIB,https://presensi.its.ac.id,200,41582,7.919,22.01,1828.61,1746.31
2025-10-28 04:23:31 WIB,https://portal.its.ac.id,200,2499,1.262,56.81,536.1,330.54
2025-10-28 04:23:31 WIB,https://classroom.its.ac.id,200,47258,1.815,56.81,536.1,330.54
2025-10-28 04:23:31 WIB,https://presensi.its.ac.id,200,41696,3.207,56.81,536.1,330.54
2025-10-28 04:37:59 WIB,https://portal.its.ac.id,200,2499,1.618,55.03,1009.21,363.71
2025-10-28 04:37:59 WIB,https://classroom.its.ac.id,200,47258,1.689,55.03,1009.21,363.71
2025-10-28 04:37:59 WIB,https://presensi.its.ac.id,200,41767,3.602,55.03,1009.21,363.71
2025-10-28 04:50:06 WIB,https://portal.its.ac.id,200,2499,1.687,5.09,1965.05,1782.6
2025-10-28 04:50:06 WIB,https://classroom.its.ac.id,200,47258,5.78,5.09,1965.05,1782.6
2025-10-28 04:50:06 WIB,https://presensi.its.ac.id,200,41659,3.618,5.09,1965.05,1782.6
2025-10-28 05:11:01 WIB,https://portal.its.ac.id,200,2499,10.333,9.3,1954.04,1667.57
2025-10-28 05:11:01 WIB,https://classroom.its.ac.id,200,47258,1.31,9.3,1954.04,1667.57
2025-10-28 05:11:01 WIB,https://presensi.its.ac.id,200,41779,7.556,9.3,1954.04,1667.57
2025-10-28 05:32:37 WIB,https://portal.its.ac.id,200,2499,1.826,18.47,1741.53,1049.39
2025-10-28 05:32:37 WIB,https://classroom.its.ac.id,200,47258,1.967,18.47,1741.53,1049.39
2025-10-28 05:32:37 WIB,https://presensi.its.ac.id,200,41636,4.519,18.47,1741.53,1049.39
2025-10-28 05:45:44 WIB,https://portal.its.ac.id,200,2499,1.636,5.8,1984.47,1864.37
2025-10-28 05:45:44 WIB,https://classroom.its.ac.id,200,47258,1.641,5.8,1984.47,1864.37
2025-10-28 05:45:44 WIB,https://presensi.its.ac.id,200,41711,3.861,5.8,1984.47,1864.37
2025-10-28 05:58:17 WIB,https://portal.its.ac.id,200,2499,1.616,21.7,1846.43,360.68
2025-10-28 05:58:17 WIB,https://classroom.its.ac.id,200,47258,1.831,21.7,1846.43,360.68
2025-10-28 05:58:17 WIB,https://presensi.its.ac.id,200,41788,3.846,21.7,1846.43,360.68
2025-10-28 06:24:21 WIB,https://portal.its.ac.id,200,2499,1.636,3.68,1590.7,1341.87
2025-10-28 06:24:21 WIB,https://classroom.its.ac.id,200,47258,1.79,3.68,1590.7,1341.87
2025-10-28 06:24:21 WIB,https://presensi.its.ac.id,200,41613,4.898,3.68,1590.7,1341.87
2025-10-28 06:38:14 WIB,https://portal.its.ac.id,200,2499,1.78,17.29,1820.31,1098.03
2025-10-28 06:38:14 WIB,https://classroom.its.ac.id,200,47258,2.341,17.29,1820.31,1098.03
2025-10-28 06:38:14 WIB,https://presensi.its.ac.id,200,41793,9.045,17.29,1820.31,1098.03
2025-10-28 06:50:25 WIB,https://portal.its.ac.id,200,2499,1.556,5.28,1967.54,1774.43
2025-10-28 06:50:25 WIB,https://classroom.its.ac.id,200,47258,2.051,5.28,1967.54,1774.43
2025-10-28 06:50:25 WIB,https://presensi.its.ac.id,200,41650,3.339,5.28,1967.54,1774.43
2025-10-28 07:56:29 WIB,https://portal.its.ac.id,200,2499,1.512,11.98,707.42,498.38
2025-10-28 07:56:29 WIB,https://classroom.its.ac.id,200,47258,1.949,11.98,707.42,498.38
2025-10-28 07:56:29 WIB,https://presensi.its.ac.id,200,41803,4.304,11.98,707.42,498.38
2025-10-28 09:40:43 WIB,https://portal.its.ac.id,200,2499,6.061,25.78,913.83,821.33
2025-10-28 09:40:43 WIB,https://classroom.its.ac.id,200,47258,2.071,25.78,913.83,821.33
2025-10-28 09:40:43 WIB,https://presensi.its.ac.id,200,41642,7.456,25.78,913.83,821.33
2025-10-28 10:32:33 WIB,https://portal.its.ac.id,200,2499,1.54,11.84,722.33,556.35
2025-10-28 10:32:33 WIB,https://classroom.its.ac.id,200,47258,1.469,11.84,722.33,556.35
2025-10-28 10:32:33 WIB,https://presensi.its.ac.id,200,41687,3.747,11.84,722.33,556.35
2025-10-28 10:56:13 WIB,https://portal.its.ac.id,200,2499,1.734,15.05,2687.52,2062.09
2025-10-28 10:56:13 WIB,https://classroom.its.ac.id,200,47258,1.446,15.05,2687.52,2062.09
2025-10-28 10:56:13 WIB,https://presensi.its.ac.id,200,41731,3.672,15.05,2687.52,2062.09
2025-10-28 11:29:54 WIB,https://portal.its.ac.id,200,2499,1.718,39.63,1412.44,388.84
2025-10-28 11:29:54 WIB,https://classroom.its.ac.id,200,47258,1.705,39.63,1412.44,388.84
2025-10-28 11:29:54 WIB,https://presensi.its.ac.id,200,41654,4.014,39.63,1412.44,388.84
2025-10-28 11:47:28 WIB,https://portal.its.ac.id,200,2499,1.763,14.04,1478.34,1204.09
2025-10-28 11:47:28 WIB,https://classroom.its.ac.id,200,47258,3.868,14.04,1478.34,1204.09
2025-10-28 11:47:28 WIB,https://presensi.its.ac.id,200,41740,4.404,14.04,1478.34,1204.09
2025-10-28 11:59:42 WIB,https://portal.its.ac.id,200,2499,1.528,5.13,2118.89,978.8
2025-10-28 11:59:42 WIB,https://classroom.its.ac.id,200,47258,2.083,5.13,2118.89,978.8
2025-10-28 11:59:42 WIB,https://presensi.its.ac.id,200,41717,6.97,5.13,2118.89,978.8
2025-10-28 12:29:49 WIB,https://portal.its.ac.id,200,2499,1.685,46.16,1190.94,318.69
2025-10-28 12:29:49 WIB,https://classroom.its.ac.id,200,47258,2.113,46.16,1190.94,318.69
2025-10-28 12:29:49 WIB,https://presensi.its.ac.id,200,41764,4.158,46.16,1190.94,318.69
2025-10-28 12:46:29 WIB,https://portal.its.ac.id,200,2499,1.679,42.4,1333.4,540.18
2025-10-28 12:46:29 WIB,https://classroom.its.ac.id,200,47258,2.427,42.4,1333.4,540.18
2025-10-28 12:46:29 WIB,https://presensi.its.ac.id,200,41796,4.198,42.4,1333.4,540.18
2025-10-28 12:58:55 WIB,https://portal.its.ac.id,200,2499,1.822,12.37,1948.19,1663.24
2025-10-28 12:58:55 WIB,https://classroom.its.ac.id,200,47258,6.169,12.37,1948.19,1663.24
2025-10-28 12:58:55 WIB,https://presensi.its.ac.id,200,41693,4.45,12.37,1948.19,1663.24
2025-10-28 13:41:33 WIB,https://portal.its.ac.id,200,2499,2.111,41.3,1473.61,534.39
2025-10-28 13:41:33 WIB,https://classroom.its.ac.id,200,47258,2.727,41.3,1473.61,534.39
2025-10-28 13:41:33 WIB,https://presensi.its.ac.id,200,41615,4.687,41.3,1473.61,534.39
2025-10-28 13:58:25 WIB,https://portal.its.ac.id,200,2499,1.79,12.43,1879.92,1478.18
2025-10-28 13:58:25 WIB,https://classroom.its.ac.id,200,47258,1.976,12.43,1879.92,1478.18
2025-10-28 13:58:25 WIB,https://presensi.its.ac.id,200,41776,4.398,12.43,1879.92,1478.18
2025-10-28 14:26:39 WIB,https://portal.its.ac.id,200,2499,6.095,9.74,1987.16,1426.67
2025-10-28 14:26:39 WIB,https://classroom.its.ac.id,200,47258,5.991,9.74,1987.16,1426.67
2025-10-28 14:26:39 WIB,https://presensi.its.ac.id,200,41641,3.251,9.74,1987.16,1426.67
2025-10-28 14:42:27 WIB,https://portal.its.ac.id,200,2499,1.778,37.5,608.71,5.77
2025-10-28 14:42:27 WIB,https://classroom.its.ac.id,200,47258,1.747,37.5,608.71,5.77
2025-10-28 14:42:27 WIB,https://presensi.its.ac.id,200,41689,4.211,37.5,608.71,5.77
2025-10-28 14:54:49 WIB,https://portal.its.ac.id,200,2499,1.334,5.9,2042.55,1907.17
2025-10-28 14:54:49 WIB,https://classroom.its.ac.id,200,47258,2.049,5.9,2042.55,1907.17
2025-10-28 14:54:49 WIB,https://presensi.its.ac.id,200,41655,7.248,5.9,2042.55,1907.17
2025-10-28 15:31:18 WIB,https://portal.its.ac.id,200,2499,1.668,0.0,0.0,0.0
2025-10-28 15:31:18 WIB,https://classroom.its.ac.id,200,47258,1.957,0.0,0.0,0.0
2025-10-28 15:31:18 WIB,https://presensi.its.ac.id,200,41726,4.164,0.0,0.0,0.0
2025-10-28 15:53:02 WIB,https://portal.its.ac.id,200,2499,1.655,8.8,2009.94,1938.97
2025-10-28 15:53:02 WIB,https://classroom.its.ac.id,200,47258,2.3,8.8,2009.94,1938.97
2025-10-28 15:53:02 WIB,https://presensi.its.ac.id,200,41660,3.48,8.8,2009.94,1938.97
2025-10-28 16:20:09 WIB,https://portal.its.ac.id,200,2499,1.756,7.95,1976.32,1828.51
2025-10-28 16:20:09 WIB,https://classroom.its.ac.id,200,47258,2.392,7.95,1976.32,1828.51
2025-10-28 16:20:09 WIB,https://presensi.its.ac.id,200,41704,3.645,7.95,1976.32,1828.51
2025-10-28 16:39:33 WIB,https://portal.its.ac.id,200,2499,1.52,6.85,1973.23,1742.66
2025-10-28 16:39:33 WIB,https://classroom.its.ac.id,200,47258,1.606,6.85,1973.23,1742.66
2025-10-28 16:39:33 WIB,https://presensi.its.ac.id,200,41655,3.822,6.85,1973.23,1742.66
2025-10-28 16:52:16 WIB,https://portal.its.ac.id,200,2499,1.677,8.03,741.17,442.88
2025-10-28 16:52:16 WIB,https://classroom.its.ac.id,200,47258,1.923,8.03,741.17,442.88
2025-10-28 16:52:16 WIB,https://presensi.its.ac.id,200,41674,4.707,8.03,741.17,442.88
2025-10-28 17:18:54 WIB,https://portal.its.ac.id,200,2499,1.791,7.99,1856.66,1014.36
2025-10-28 17:18:54 WIB,https://classroom.its.ac.id,200,47258,1.84,7.99,1856.66,1014.36
2025-10-28 17:18:54 WIB,https://presensi.its.ac.id,200,41618,4.028,7.99,1856.66,1014.36
2025-10-28 17:42:29 WIB,https://portal.its.ac.id,200,2499,1.634,8.5,1901.54,1631.48
2025-10-28 17:42:29 WIB,https://classroom.its.ac.id,200,47258,2.007,8.5,1901.54,1631.48
2025-10-28 17:42:29 WIB,https://presensi.its.ac.id,200,41735,4.174,8.5,1901.54,1631.48
2025-10-28 17:55:20 WIB,https://portal.its.ac.id,200,2499,1.509,5.28,1973.99,1781.13
2025-10-28 17:55:20 WIB,https://classroom.its.ac.id,200,47258,1.924,5.28,1973.99,1781.13
2025-10-28 17:55:20 WIB,https://presensi.its.ac.id,200,41649,4.24,5.28,1973.99,1781.13
2025-10-28 18:19:50 WIB,https://portal.its.ac.id,200,2499,1.675,5.79,1596.45,1799.51
2025-10-28 18:19:50 WIB,https://classroom.its.ac.id,200,47258,2.211,5.79,1596.45,1799.51
2025-10-28 18:19:50 WIB,https://presensi.its.ac.id,200,41710,4.116,5.79,1596.45,1799.51
2025-10-28 18:32:59 WIB,https://portal.its.ac.id,200,2499,1.631,0.0,0.0,0.0
2025-10-28 18:32:59 WIB,https://classroom.its.ac.id,200,47258,3.403,0.0,0.0,0.0
2025-10-28 18:32:59 WIB,https://presensi.its.ac.id,200,41740,4.205,0.0,0.0,0.0
2025-10-28 18:45:45 WIB,https://portal.its.ac.id,200,2499,1.696,5.97,1915.1,1841.26
2025-10-28 18:45:45 WIB,https://classroom.its.ac.id,200,47258,1.867,5.97,1915.1,1841.26
2025-10-28 18:45:45 WIB,https://presensi.its.ac.id,200,41823,3.461,5.97,1915.1,1841.26
2025-10-28 18:58:29 WIB,https://portal.its.ac.id,200,2499,1.554,13.19,1783.64,1513.74
2025-10-28 18:58:29 WIB,https://classroom.its.ac.id,200,47258,1.715,13.19,1783.64,1513.74
2025-10-28 18:58:29 WIB,https://presensi.its.ac.id,200,41690,3.203,13.19,1783.64,1513.74
2025-10-28 19:56:26 WIB,https://portal.its.ac.id,200,2499,1.8,12.87,1377.04,1096.99
2025-10-28 19:56:26 WIB,https://classroom.its.ac.id,200,47258,2.619,12.87,1377.04,1096.99
2025-10-28 19:56:26 WIB,https://presensi.its.ac.id,200,41728,4.328,12.87,1377.04,1096.99
2025-10-28 20:36:38 WIB,https://portal.its.ac.id,200,2499,1.541,12.68,292.6,302.16
2025-10-28 20:36:38 WIB,https://classroom.its.ac.id,200,47258,1.726,12.68,292.6,302.16
2025-10-28 20:36:38 WIB,https://presensi.its.ac.id,200,41790,3.243,12.68,292.6,302.16
2025-10-28 20:52:41 WIB,https://portal.its.ac.id,200,2499,1.565,19.57,1925.96,1753.85
2025-10-28 20:52:41 WIB,https://classroom.its.ac.id,200,47258,1.819,19.57,1925.96,1753.85
2025-10-28 20:52:41 WIB,https://presensi.its.ac.id,200,41674,3.324,19.57,1925.96,1753.85
2025-10-28 21:18:35 WIB,https://portal.its.ac.id,200,2499,1.761,9.33,1906.61,1847.93
2025-10-28 21:18:35 WIB,https://classroom.its.ac.id,200,47258,1.996,9.33,1906.61,1847.93
2025-10-28 21:18:35 WIB,https://presensi.its.ac.id,200,41785,4.12,9.33,1906.61,1847.93
2025-10-28 21:41:51 WIB,https://portal.its.ac.id,200,2499,1.694,8.44,1882.79,1550.67
2025-10-28 21:41:51 WIB,https://classroom.its.ac.id,200,47258,1.937,8.44,1882.79,1550.67
2025-10-28 21:41:51 WIB,https://presensi.its.ac.id,200,41661,4.5,8.44,1882.79,1550.67
2025-10-28 21:55:48 WIB,https://portal.its.ac.id,200,2499,1.716,21.62,1741.78,1559.66
2025-10-28 21:55:48 WIB,https://classroom.its.ac.id,200,47258,3.127,21.62,1741.78,1559.66
2025-10-28 21:55:48 WIB,https://presensi.its.ac.id,200,41653,4.119,21.62,1741.78,1559.66
2025-10-28 22:28:22 WIB,https://portal.its.ac.id,200,2499,1.742,29.67,2077.49,936.17
2025-10-28 22:28:22 WIB,https://classroom.its.ac.id,200,47258,2.446,29.67,2077.49,936.17
2025-10-28 22:28:22 WIB,https://presensi.its.ac.id,200,41651,3.664,29.67,2077.49,936.17
2025-10-28 22:47:12 WIB,https://portal.its.ac.id,200,2499,1.655,13.5,1909.25,1713.75
2025-10-28 22:47:12 WIB,https://classroom.its.ac.id,200,47258,6.123,13.5,1909.25,1713.75
2025-10-28 22:47:12 WIB,https://presensi.its.ac.id,200,41764,4.233,13.5,1909.25,1713.75
2025-10-28 22:59:00 WIB,https://portal.its.ac.id,200,2499,1.53,2.47,1971.77,1746.85
2025-10-28 22:59:00 WIB,https://classroom.its.ac.id,200,47258,1.688,2.47,1971.77,1746.85
2025-10-28 22:59:00 WIB,https://presensi.its.ac.id,200,41686,3.776,2.47,1971.77,1746.85
2025-10-28 23:37:06 WIB,https://portal.its.ac.id,200,2499,1.522,6.22,1928.52,1830.74
2025-10-28 23:37:06 WIB,https://classroom.its.ac.id,200,47258,1.926,6.22,1928.52,1830.74
2025-10-28 23:37:06 WIB,https://presensi.its.ac.id,200,41677,3.855,6.22,1928.52,1830.74
2025-10-28 23:56:35 WIB,https://portal.its.ac.id,200,2499,1.728,3.32,1853.87,1747.69
2025-10-28 23:56:35 WIB,https://classroom.its.ac.id,200,47258,1.689,3.32,1853.87,1747.69
2025-10-28 23:56:35 WIB,https://presensi.its.ac.id,200,41696,3.965,3.32,1853.87,1747.69
2025-10-29 00:25:54 WIB,https://portal.its.ac.id,200,2499,1.497,18.26,1886.36,1754.46
2025-10-29 00:25:54 WIB,https://classroom.its.ac.id,200,47258,2.223,18.26,1886.36,1754.46
2025-10-29 00:25:54 WIB,https://presensi.its.ac.id,200,41728,4.247,18.26,1886.36,1754.46
2025-10-29 00:44:10 WIB,https://portal.its.ac.id,200,2499,5.322,9.49,1966.66,1797.35
2025-10-29 00:44:10 WIB,https://classroom.its.ac.id,200,47258,1.995,9.49,1966.66,1797.35
2025-10-29 00:44:10 WIB,https://presensi.its.ac.id,200,41653,3.38,9.49,1966.66,1797.35
2025-10-29 00:56:43 WIB,https://portal.its.ac.id,200,2499,1.688,10.21,1880.48,1652.23
2025-10-29 00:56:43 WIB,https://classroom.its.ac.id,200,47258,2.529,10.21,1880.48,1652.23
2025-10-29 00:56:43 WIB,https://presensi.its.ac.id,200,41735,3.902,10.21,1880.48,1652.23
2025-10-29 01:39:45 WIB,https://portal.its.ac.id,200,2499,5.991,39.89,1315.67,537.4
2025-10-29 01:39:45 WIB,https://classroom.its.ac.id,200,47258,2.193,39.89,1315.67,537.4
2025-10-29 01:39:45 WIB,https://presensi.its.ac.id,200,41609,7.499,39.89,1315.67,537.4
2025-10-29 01:57:43 WIB,https://portal.its.ac.id,200,2499,1.347,2.11,2008.77,1835.97
2025-10-29 01:57:43 WIB,https://classroom.its.ac.id,200,47258,1.616,2.11,2008.77,1835.97
2025-10-29 01:57:43 WIB,https://presensi.its.ac.id,200,41729,3.327,2.11,2008.77,1835.97
2025-10-29 02:22:13 WIB,https://portal.its.ac.id,200,2499,1.422,6.52,1968.39,1783.8
2025-10-29 02:22:13 WIB,https://classroom.its.ac.id,200,47258,1.604,6.52,1968.39,1783.8
2025-10-29 02:22:13 WIB,https://presensi.its.ac.id,200,41767,2.963,6.52,1968.39,1783.8
2025-10-29 02:36:39 WIB,https://portal.its.ac.id,200,2499,1.623,30.79,2325.37,1239.77
2025-10-29 02:36:39 WIB,https://classroom.its.ac.id,200,47258,5.056,30.79,2325.37,1239.77
2025-10-29 02:36:39 WIB,https://presensi.its.ac.id,200,41675,3.357,30.79,2325.37,1239.77
2025-10-29 02:49:11 WIB,https://portal.its.ac.id,200,2499,1.406,10.87,1891.97,1774.83
2025-10-29 02:49:11 WIB,https://classroom.its.ac.id,200,47258,1.488,10.87,1891.97,1774.83
2025-10-29 02:49:11 WIB,https://presensi.its.ac.id,200,41650,4.068,10.87,1891.97,1774.83
2025-10-29 03:12:02 WIB,https://portal.its.ac.id,200,2499,1.763,11.2,1967.63,1592.17
2025-10-29 03:12:02 WIB,https://classroom.its.ac.id,200,47258,1.926,11.2,1967.63,1592.17
2025-10-29 03:12:02 WIB,https://presensi.its.ac.id,200,41692,4.269,11.2,1967.63,1592.17
2025-10-29 03:36:23 WIB,https://portal.its.ac.id,200,2499,1.349,9.67,776.74,651.29
2025-10-29 03:36:23 WIB,https://classroom.its.ac.id,200,47258,1.944,9.67,776.74,651.29
2025-10-29 03:36:23 WIB,https://presensi.its.ac.id,200,41657,4.242,9.67,776.74,651.29
2025-10-29 03:51:07 WIB,https://portal.its.ac.id,200,2499,6.075,27.19,1825.96,1025.67
2025-10-29 03:51:07 WIB,https://classroom.its.ac.id,200,47258,10.265,27.19,1825.96,1025.67
2025-10-29 03:51:07 WIB,https://presensi.its.ac.id,200,41692,9.65,27.19,1825.96,1025.67
2025-10-29 04:13:02 WIB,https://portal.its.ac.id,200,2499,1.773,3.59,1944.32,1894.37
2025-10-29 04:13:02 WIB,https://classroom.its.ac.id,200,47258,2.043,3.59,1944.32,1894.37
2025-10-29 04:13:02 WIB,https://presensi.its.ac.id,200,41647,4.468,3.59,1944.32,1894.37
2025-10-29 04:31:39 WIB,https://portal.its.ac.id,200,2499,1.557,5.38,1591.17,1787.2
2025-10-29 04:31:39 WIB,https://classroom.its.ac.id,200,47258,1.85,5.38,1591.17,1787.2
2025-10-29 04:31:39 WIB,https://presensi.its.ac.id,200,41642,7.681,5.38,1591.17,1787.2
2025-10-29 04:44:23 WIB,https://portal.its.ac.id,200,2499,1.759,12.4,1952.4,1849.08
2025-10-29 04:44:23 WIB,https://classroom.its.ac.id,200,47258,2.397,12.4,1952.4,1849.08
2025-10-29 04:44:23 WIB,https://presensi.its.ac.id,200,41690,3.376,12.4,1952.4,1849.08
2025-10-29 04:57:06 WIB,https://portal.its.ac.id,200,2499,1.763,6.28,1703.98,1533.07
2025-10-29 04:57:06 WIB,https://classroom.its.ac.id,200,47258,1.986,6.28,1703.98,1533.07
2025-10-29 04:57:06 WIB,https://presensi.its.ac.id,200,41760,4.216,6.28,1703.98,1533.07
2025-10-29 05:26:38 WIB,https://portal.its.ac.id,200,2499,1.358,7.83,1671.03,1466.01
2025-10-29 05:26:38 WIB,https://classroom.its.ac.id,200,47258,1.995,7.83,1671.03,1466.01
2025-10-29 05:26:38 WIB,https://presensi.its.ac.id,200,41734,3.552,7.83,1671.03,1466.01
2025-10-29 05:44:01 WIB,https://portal.its.ac.id,200,2499,1.46,4.45,1703.92,639.68
2025-10-29 05:44:01 WIB,https://classroom.its.ac.id,200,47258,1.722,4.45,1703.92,639.68
2025-10-29 05:44:01 WIB,https://presensi.its.ac.id,200,41607,3.268,4.45,1703.92,639.68
